[
    {
        "id": "H1",
        "name": "Hotel California",
        "roomTypes": [
            {
                "code": "SGL",
                "description": "Single Room"
            },
            {
                "code": "DBL",
                "description": "Double Room"
            }
        ],
        "rooms": [
            {
                "roomType": "SGL",
                "roomId": "101"
            },
            {
                "roomType": "SGL",
                "roomId": "102"
            },
            {
                "roomType": "DBL",
                "roomId": "201"
            },
            {
                "roomType": "DBL",
                "roomId": "202"
            }
        ]
    }
]
